reuse_factor,channel_share,mean_user_rate_sir_bphz,mean_user_rate_sinr_bphz,effective_rate_bphz,effective_ase_bphz_per_cell,effective_ase_bphz_per_km2,coverage_probability_at_10db
1,1.0,5.296707299338115,4.854358730608117,2.1680786915646166,2.1680786915646166,3.337975509864328,0.587
3,0.3333333333333333,8.436227293141902,6.421952805026203,3.0901773636276944,1.0300591212092314,1.5858797624303442,0.77525
4,0.25,9.230446250742556,6.633750065388918,3.225467780904928,0.806366945226232,1.24148312771195,0.79675
7,0.14285714285714285,10.799957125108529,6.8884013097476435,3.37808385760768,0.4825834082296686,0.7429857617275899,0.82275
12,0.08333333333333333,12.267273149582383,6.946915286490296,3.4025136020647984,0.2835428001720665,0.4365426986829943,0.81675
