reuse_factor,analytic_sir_db,baseline_hex_edge_sir_db,median_user_sir_db,p05_user_sir_db
1,1.283791335837149,-3.4107260177627783,10.85720269523872,-12.626769703727348
3,10.349095175510733,8.482416831448292,23.010242605291822,1.5606662567487999
4,12.722931171068435,11.407665914180534,25.38021428059308,4.693973557839701
7,17.34065409610803,16.58080047653344,30.694062523927844,9.98435372989129
12,21.78823501074202,21.347966272355357,35.42573437038323,13.95654330369873
