reuse_factor,channel_share,mean_user_rate_sir_bphz,mean_user_rate_sinr_bphz,effective_rate_bphz,effective_ase_bphz_per_cell,effective_ase_bphz_per_km2,coverage_probability_at_10db
1,1.0,5.29670704756333,4.85435854019976,2.168078624426375,2.168078624426375,3.3379754064982428,0.587
3,0.3333333333333333,8.436227300487353,6.421952800766848,3.090177362128186,1.0300591207093952,1.585879761660796,0.77525
4,0.25,9.23044618374632,6.633750056969305,3.2254677770489004,0.8063669442622251,1.2414831262277644,0.79675
7,0.14285714285714285,10.799957095704617,6.8884013086591,3.3780838571981238,0.4825834081711605,0.7429857616375108,0.82275
12,0.08333333333333333,12.267273124789275,6.946915285294622,3.4025136015185296,0.28354280012654415,0.436542698612908,0.81675
